facility_uuid,state,lga,facility,domains_with_a_major_gap
df5dc985-21c5-4b45-a877-8e704e16c532,rivers,obioakpor,rumuokwurushi_primary_health_centre,Workflow and Transition
f2745e58-51ff-46d6-88ed-7ff61781c471,rivers,obioakpor,rumueme_primary_health_centre,Workflow and Transition
acb50ed9-f268-478e-af17-ccdff490f26c,rivers,obioakpor,obio_cottage_hospital,Workflow and Transition
2a31d848-cc78-40ed-86fb-11b0d3404a93,rivers,eleme,agbonchia_primary_health_centre,Workforce Capacity; Workflow and Transition
3e5e7331-e85d-4a7d-a7ec-e320d9c0dcb2,lagos,mushin,ajeabo_primary_health_centre,Workforce Capacity
6b359d08-b1dc-4774-a58d-3256b5b7c2ea,lagos,lagos_mainland,otto_primary_health_centre,Workforce Capacity; Data Use and Reporting
809e94a1-3ef2-4ea5-ac2b-cd034982e9a4,lagos,ajeromi_ifelodun,ibafon_primary_health_centre,Workforce Capacity
df63ddf1-b890-4980-bc3f-da7e405bc996,rivers,obioakpor,ozuoba_primary_health_centre,Workflow and Transition; Data Use and Reporting
c5907b84-e074-4bcf-8307-4a435944cdc4,lagos,lagos_mainland,iwaya_primary_health_centre,Workflow and Transition
cd20c937-608c-446e-af91-6a0236126ebb,lagos,ikeja,akiode_primary_health_centre,Workforce Capacity
d4cd11cf-5381-4df0-80c0-bcd278b1f59d,lagos,ifako_ijaiye,ifako_primary_health_centre,Workforce Capacity
002894ea-aa16-4ad2-b02f-d96476fa917b,lagos,mushin,isolo_raod_primary_health_centre,Workforce Capacity
b884fb75-d907-4863-8307-7d477365bac8,anambra,onitsha_north,st_theresa_s_church_primary_health_centre,Workforce Capacity
8401698c-65e6-477d-b324-287db69782a7,rivers,obioakpor,rumuepirikom_primary_health_centre,Workflow and Transition; Data Use and Reporting
b57b83ce-2087-4aca-a404-73009ab2d99e,kano,makoda,durmawa_health_post_makoda,Workforce Capacity
ce5a0018-f5bc-409d-a802-c5cbf022c28f,kano,makoda,maitsidau_basic_health_clinic,Workforce Capacity
57ecef33-10d5-4966-908a-43e3da32ecff,kano,makoda,dr_wada_waziri_basic_health_clinic,Workflow and Transition
1bfe3a5d-356b-44f8-a911-f7bc6b3ae06d,kano,garko,kafir_chiri_basic_health_clinic,Workflow and Transition
b0371b3b-03a1-40a1-9d97-1ece8ae0795b,kano,karaye,yammedi_model_primary_health_centre,Workforce Capacity; Workflow and Transition
a8db3bcb-21e3-4afa-82d5-f7eeb31e7e6c,anambra,onitsha_south,queen_of_peace_health_post,Workforce Capacity
9d649452-9828-4926-90a6-dfde9c7da50a,kano,karaye,karaye_comprehensive_health_centre,Workforce Capacity; Workflow and Transition
d9bc7eaf-42f7-44ec-b039-e123e1cf3db3,kano,garun_malam,dorawar_sallau_health_post,Workforce Capacity; Workflow and Transition
d97170e9-6cc2-43df-9d58-a61ad44342d6,anambra,nnewi_north,obiu_uruagu_primary_health_centre,Workflow and Transition
81e474cd-b710-4565-9c99-81a3e83a96a4,rivers,ogubolo,bolo_primary_health_centre,Workforce Capacity
40bd73f4-c127-498b-9113-ef027646d7bc,bauchi,toro,lame_maternal_and_child_health,Workflow and Transition
951604c0-5eca-4dbc-a2ec-cbdf4c8ec6f5,anambra,njikoka,ire_abba_primary_health_centre,Workforce Capacity
265baf56-dfb1-4b6a-800e-0c6dc26fd830,anambra,njikoka,abba_primary_health_centre,Workflow and Transition
bafb56bf-7d21-402c-be2e-f9199d49b963,anambra,ayamelum,umueje_primary_health_centre,Workforce Capacity
b48c2396-8447-41f9-bd05-de67142a67c0,anambra,ayamelum,omasi_agu_primary_health_centre,Workforce Capacity
8006dcaf-8a1d-4502-b4f5-909c5c35717e,anambra,ayamelum,akanato_primary_health_centre,Workforce Capacity
580219cc-6850-4a0b-807f-7a45b1afee69,kano,danbatta,tona_health_clinic,Workforce Capacity
abf5632a-9f1b-4fc7-818a-2b8a7a971641,kano,danbatta,kore_model_primary_health_centre,Workflow and Transition
19e27ff3-83d0-46eb-a09a-f8f4fe82a7a1,kano,danbatta,goron_maje_basic_health_clinic,Workforce Capacity
e718f58f-4d51-4f97-b525-89e84f05b18b,rivers,gokana,bomu_model_primary_health_centre,Workflow and Transition
10d5de52-9612-401b-8543-c98b286fb390,anambra,ayamelum,anaku_primary_health_centre,Workforce Capacity
a031bb85-f2bb-4cfb-85d6-44d014356a5d,kano,kunchi,shuwaki_model_primary_health_centre,Workforce Capacity
1b45ae17-ceaa-48f6-a4d4-0eaa0ff93fda,bauchi,giade,jugudu_primary_health_centre,Workforce Capacity
48e9e76d-af00-404b-a836-0bf331dbef17,anambra,njikoka,ezi_amaigbo_abagana_primary_health_centre,Workforce Capacity
0ab1546f-500a-4b30-96ac-75df9935b26d,anambra,njikoka,urunnebo_primary_health_centre,Workforce Capacity
6e5be00c-5da8-4ab1-9385-be70248d3c1e,kano,tarauni,yar_akwa_health_post,Workforce Capacity; Workflow and Transition; Data Use and Reporting
c34d5f87-3ec4-4116-b4bb-b98de6131b46,kano,kibiya,kibiya_primary_health_centre,Workflow and Transition
23b7746f-f462-4509-8306-be891a714e5d,kano,nassarawa,kaura_goje_primary_health_centre,Workforce Capacity; Workflow and Transition
d9afc64a-5e16-4055-ac8a-f78f6095056b,anambra,idemili_south,oba_1_primary_health_centre,Workforce Capacity
5e794379-2d40-4dd0-9655-1221eca5c923,anambra,idemili_south,akwaukwu_primary_health_centre,Workforce Capacity
fe98ee0e-3f18-4b9a-8760-ca01641d1df1,kano,tofa,lambu_basic_health_clinic,Workforce Capacity
79b115ce-c424-4d83-863e-754ef2bba05c,anambra,anaocha,umuabani_primary_health_centre,Workforce Capacity
98b0b6cc-d6bb-499b-8b98-cd338be97e8d,anambra,ihiala,achalla_uzoakjwa_primary_health_centre,Workforce Capacity
117407fd-3d7c-42f0-8706-d056ec4ba5f2,kano,dawakin_tofa,kwa_primary_health_centre,Workforce Capacity; Workflow and Transition
525e25a9-2ca7-4235-a810-10fcfd56ca9f,kano,dawakin_tofa,dandalama_primary_health_centre,Workforce Capacity; Workflow and Transition
5f64cff4-b675-4761-a9fa-e18cdd8a37b5,kano,dawakin_tofa,ganduje_primary_health_centre,Workforce Capacity; Workflow and Transition
ae631ea2-a012-40fe-9e9a-24ef691d805f,niger,borgu,guffanti_primary_health_centre,Workforce Capacity
f5d9ed68-d895-429c-b484-e87a44cb50c3,anambra,onitsha_north,immanuel_church_health_post,Data Use and Reporting
6ddf291a-04e3-452f-8a14-89324c5a4945,anambra,idemili_south,ebenesi_nnobi_primary_health_centre,Workforce Capacity
59d7ddfa-7837-4d8f-8ff8-3ff4b1152f42,anambra,anaocha,ukunu_primary_health_centre,Workforce Capacity
1a5a2a56-3f48-4678-9470-d2fe64f334a6,kano,tarauni,kauyen_alu_basic_health_clinic,Workforce Capacity; Workflow and Transition; Data Use and Reporting
532e1b51-271d-401d-9ca0-1cda444ffc2d,anambra,anaocha,ichida_ubulu_primary_health_centre,Workforce Capacity
6603c322-3821-4049-9ba2-a27440892ecc,jigawa,kazaure,sabaru_primary_health_centre,Data Use and Reporting
d3c65d80-7d39-44ef-945e-f02b976bfd20,kano,tsanyawa,tsanyawa_comprehensive_health_centre,Workflow and Transition; Data Use and Reporting
736d27cc-daa9-48ff-b4f2-43d4e83d93fd,kano,tsanyawa,yankamaye_sabon_gari_basic_health_clinic,Workforce Capacity; Workflow and Transition
1cad6243-3e90-4721-9cda-a8d0bd991f11,kano,doguwa,tagwaye_health_post,Workforce Capacity; Workflow and Transition
cabc6c55-65af-400a-b0e2-f48db2e6feb6,kano,tudun_wada,burum_burum_primary_health_centre,Workflow and Transition
e3738d06-f490-4052-9355-094d3b5717d2,adamawa,shelleng,bodwai_health_centre,Workflow and Transition
9e34ea94-b57b-4d0f-9c55-e393affc938a,anambra,anambra_west,inoma_primary_health_centre,Workforce Capacity
c9afaa82-a0c4-4ed1-83a6-2e6caf850723,oyo,afijo,awe_primary_health_centre,Workforce Capacity
0de6c3f3-883e-4abe-9049-3dfff93283df,anambra,nnewi_south,utuh_primary_health_centre,Workforce Capacity
251f77de-aeac-47ac-9985-c26837c0d509,kano,kibiya,saya_saya_basic_health_clinic,Workforce Capacity; Workflow and Transition
e63b20b9-9e0b-4ed3-96b3-121acec5a405,kano,rimin_gado,yalwa_d_model_primary_health_centre,Workforce Capacity; Workflow and Transition
49074b49-78d8-4fcd-9f45-52820b96eb99,kano,kibiya,tarai_primary_health_centre,Workforce Capacity; Workflow and Transition
37133c70-be89-4238-87ff-e2687044cb18,anambra,anambra_west,obodo_o_t_u_primary_health_centre,Workforce Capacity
6798a2fb-60f1-44b7-9b3a-3430ef66a251,jigawa,miga,takalafiya_primary_health_centre,Workflow and Transition
25efdb78-2edc-4e60-b357-27ef5ba75dd1,jigawa,miga,koya_primary_health_centre,Workflow and Transition
e380ce5b-f5e1-4dd6-9b12-c439ad46be0e,anambra,anaocha,neni_primary_health_centre,Workforce Capacity
7acd88d2-8a71-47b6-bf3b-22f9f4c9f223,anambra,anaocha,akwaeze_primary_health_centre,Workforce Capacity
b59aaeec-4dbb-4c10-ac7c-877e543b3a6d,jigawa,birniwa,kachallari_primary_health_centre,Workforce Capacity; Workflow and Transition
3930090c-5dd4-4ad3-8dc9-9d3e2bac4c80,anambra,idemili_north,abacha_primary_health_centre,Workforce Capacity
4e735919-d53e-462b-9c71-37bb76987e97,anambra,idemili_north,nkpor_uno_primary_health_centre,Workforce Capacity
b0b668b3-bfeb-4779-bdfe-b632a627a70f,anambra,idemili_north,eziowelle_primary_health_centre,Workflow and Transition
38117005-22e6-48b8-ba6a-b36d2725ea69,kano,bebeji,durmawa_health_post,Workforce Capacity
3287f387-9f99-454d-9973-0b27ce754c34,jigawa,gwaram,kila_primary_health_centre,Data Use and Reporting
e523ef0e-569f-479d-bd73-8e2afdb8db6c,kano,nassarawa,gidan_ruwa_basic_health_centre,Data Use and Reporting
6c1495e6-368d-42ce-8838-65857cbc99bc,kano,nassarawa,gama_primary_health_centre,Data Use and Reporting
abd9eeb9-2f10-4dff-8d1b-9f71c971df00,kano,dawakin_tofa,dawaki_health_centre,Workflow and Transition
508191fc-1fa9-4a36-b3a4-c8c38f9fb4c7,anambra,oyi,ifite_awkuzu_primary_health_centre,Workforce Capacity; Workflow and Transition
b9604e94-27de-4c3e-b149-547ce2de092a,anambra,anambra_east,eziagulu_o_t_u_primary_health_centre,Workforce Capacity
8675d31c-5598-4e03-98cb-85772d3d2fc8,kano,gwarzo,sabon_birni_health_post,Workforce Capacity
f1a7dc0c-d918-43b9-9ba1-b1c266004937,kano,bebeji,rahama_a_basic_health_centre,Workflow and Transition
b86e7ed6-e0df-4aca-937a-525508d2953f,anambra,idemili_north,uke_primary_health_centre,Workforce Capacity
7bde8bcb-ef4b-4e16-b34a-e7cd3885f8f3,kano,nassarawa,hotoro_north_primary_health_centre,Workflow and Transition; Data Use and Reporting
6b6f67ad-02cf-4504-8884-3448a7a71ac3,kano,garun_malam,garun_babba_primary_health_centre,Workforce Capacity; Workflow and Transition
275de167-e976-4fd9-aacf-ba4f3b9ece30,kano,rimin_gado,doka_dawa_health_post,Workforce Capacity; Workflow and Transition
092e37c1-1f71-4f07-9e3a-792a52801ea6,kano,ungogo,gayawa_basic_health_clinic,Data Use and Reporting
0262b28c-c631-41c3-ac02-986a3250ea36,kano,kabo,malam_gajere_primary_health_centre,Workflow and Transition
96ddca97-8a68-4914-a31e-4e1446acc885,kano,rimin_gado,butu_butu_model_primary_health_centre,Workflow and Transition
663c6c75-aac3-4f44-bbf6-7cc1a97ec750,anambra,anaocha,adazi_nnukwu_1_primary_health_centre,Workforce Capacity
fbe76560-d747-4d50-b0b0-a358cc5f54c3,anambra,orumba_south,umunebo_ogbunka_primary_health_centre,Workflow and Transition
e2dbe72a-ce42-4c70-aa08-3dce9fc237ba,kano,bichi,waire_health_post,Workforce Capacity; Workflow and Transition
5346c3fb-f424-49a3-b4f8-6a46182b50c0,kano,rimin_gado,rimin_gado_comprehensive_health_centre,Workforce Capacity; Workflow and Transition
e2aa0af9-c969-4924-8309-7b01f7b85dfe,anambra,orumba_south,ogbunka_primary_health_centre,Workforce Capacity; Workflow and Transition
e333ac32-eb1a-4b6c-888c-937b01c94541,kano,nassarawa,gwagwarwa_primary_health_centre,Workforce Capacity; Workflow and Transition
a3190da7-5804-431f-ad9f-1cc22dfa0d6a,kano,bagwai,gadanya_basic_health_clinic,Workforce Capacity; Workflow and Transition
22140398-0dc6-498f-a0b2-a20bc2c6b34b,anambra,oyi,awkuzu_primary_health_centre,Workforce Capacity; Workflow and Transition
a4f383e4-19f0-4e60-ae87-6d395b05c7cf,kano,bebeji,tariwa_basic_health_clinic,Workflow and Transition
a68a5c1d-d24e-45c5-b2b5-ee06c8448a35,jigawa,kiri_kasamma,jarmari_primary_health_centre,Workforce Capacity
ac310580-d625-48bd-9671-acba9a5279b5,kano,bichi,malikawar_garu_primary_health_centre,Workforce Capacity; Workflow and Transition
ac363225-249a-4d83-b220-2037bb99eacc,jigawa,birnin_kudu,bamaina_primary_health_centre,Workflow and Transition
eb1cde2e-9b8c-45fd-aa50-69179fbb0a60,anambra,onitsha_north,st_mark_primary_health_centre,Workforce Capacity; Workflow and Transition
05c2426c-1c8e-465f-b403-46472068d287,anambra,orumba_south,ezira_primary_health_centre_os,Workforce Capacity
09ce2b33-27de-487a-b5bb-a473854eb9f6,nasarawa,obi,obi_1_primary_health_centre,Workflow and Transition
a26e04a7-39b3-4324-996d-02972ea69dc6,adamawa,yola_south,lamido_aliyu_health_centre,Workflow and Transition
6430b249-5922-4945-8ce7-158fe46768b6,jigawa,buji,madabe_primary_health_centre,Data Use and Reporting
b71789e3-b29d-4bfb-a6df-a103d7940f2b,anambra,onitsha_north,basic_court_road_primary_health_centre,Workforce Capacity; Workflow and Transition
8389a256-bf95-47b6-857b-ad66a0c990ed,adamawa,fufore,dasin_primary_health_centre,Workforce Capacity; Workflow and Transition
9d21d48e-0bbe-4453-b29c-91769a1f7dd6,kano,kumbotso,shekar_barde_primary_health_centre,Workflow and Transition
daf83d33-a755-41f0-af50-485c58badb9b,kano,rogo,fulatan_basic_health_clinic,Workflow and Transition
b9173f13-388a-40ed-91c7-77647a83b1c2,kano,rogo,kauyen_liman_health_clinic,Workflow and Transition
9a3a25b5-9732-4c3a-9add-165a575e89da,kano,gabasawa,zakirai_primary_health_centre,Workforce Capacity
44a046dd-4a14-466f-afa2-81002da979dd,jigawa,kiri_kasamma,saleri_primary_health_centre,Workflow and Transition
c0dbc553-3661-400d-941e-ee757df86b0b,anambra,onitsha_north,woliwo_primary_health_centre,Workforce Capacity; Workflow and Transition
21291f5d-3964-41c6-a95d-1239db60525d,kano,bagwai,romo_health_clinic,Workflow and Transition
058f34d8-6db3-424f-851a-ae115bacb7af,kano,bagwai,kwajale_health_post,Workforce Capacity; Workflow and Transition
2d69e62e-c57f-4ab4-b376-5ebda214978b,kano,bichi,muntsira_health_post,Workforce Capacity; Workflow and Transition
3ee57ebf-aea6-45b4-9f1f-a2492152d83a,jigawa,buji,falgeri_primary_health_centre,Data Use and Reporting
42c07ae5-b790-4f9c-b21c-95455f347d78,kano,warawa,danlassan_primary_health_centre,Workflow and Transition
178c0fa7-a9e0-455f-b450-b1c058b7f2d6,kano,shanono,kadamu_model_primary_health_centre,Workforce Capacity; Workflow and Transition
bb3217bd-3b90-43cc-98d9-53e665791570,adamawa,mayo_belwa,mayo_farang_primary_health_centre,Workflow and Transition
7e26eddf-7981-445b-9080-bacf8128a872,kano,rogo,beli_basic_health_clinic,Workflow and Transition
cc77b377-ddf4-4b1f-a568-0cdb4b3e7e8c,kano,kumbotso,panshekara_primary_health_centre,Workflow and Transition; Data Use and Reporting
b06e9402-2d8a-49ff-8489-543f1c55f02f,kano,kumbotso,chiranci_basic_health_clinic,Workflow and Transition; Data Use and Reporting
f5bf4aea-0fa6-4107-991e-093f423958c0,kano,bagwai,kiyawa_basic_health_clinic,Workforce Capacity; Workflow and Transition
5d33c803-9b11-4dba-bbb0-0fa4d7f2f3e6,kano,warawa,ganakakum_health_post,Workforce Capacity; Workflow and Transition
69926591-683c-4935-8463-750240d2e27b,kano,warawa,tanagar_health_post,Workforce Capacity; Workflow and Transition
