facility_uuid,state,lga,facility,service_point_gap
a5e76f93-0127-41dd-b113-2c3bc2f072b2,anambra,awka_south,isiakpu_health_post,1%–49% of applicable service points meet all minimum conditions
0de640bf-2283-4244-a26b-39bb85b7677f,anambra,oyi,ifite_ogbunike_primary_health_centre,0% of applicable service points meet all minimum conditions
63cc6764-e23c-4f39-8222-c64561eac3ec,rivers,abuaodual,otapha_primary_health_centre,1%–49% of applicable service points meet all minimum conditions
1f12d336-dc60-4bbb-8c3e-50beed8bebd4,rivers,obioakpor,rumuodumaya_primary_health_centre,0% of applicable service points meet all minimum conditions
d6908089-0b11-42ee-b4ba-0afd6dfb3704,lagos,eti_osa,okunmopo_primary_health_centre,1%–49% of applicable service points meet all minimum conditions
0649cf7b-7765-4c3b-b58c-98184eda2348,lagos,eti_osa,badore_primary_health_centre,50%–74% of applicable service points meet all minimum conditions
bf4cb997-97f9-44a3-a0c1-608d4ae3f25b,lagos,mushin,coker_primary_health_centre,1%–49% of applicable service points meet all minimum conditions
387f47f1-ab1d-48e5-916d-d57854bb7f4c,lagos,amuwo_odofin,kirikiri_health_post,0% of applicable service points meet all minimum conditions
df63ddf1-b890-4980-bc3f-da7e405bc996,rivers,obioakpor,ozuoba_primary_health_centre,1%–49% of applicable service points meet all minimum conditions
29c59a6c-b662-4f57-99c8-19fb280b460b,lagos,ikeja,onilekere_primary_health_centre,1%–49% of applicable service points meet all minimum conditions
6a52d3ce-a363-44bb-8aa9-1d43e392be6a,imo,oguta,awa_primary_health_centre,0% of applicable service points meet all minimum conditions
10d972bd-a630-4240-877e-aaa3ab830922,lagos,ikorodu,ewu_elepe_primary_health_centre,1%–49% of applicable service points meet all minimum conditions
a5dbeef6-d682-4b75-8a7b-05e078dfe2de,rivers,khana,luebe_primary_health_centre,1%–49% of applicable service points meet all minimum conditions
17eced9c-1b4d-485d-94cc-916088b69c80,rivers,khana,uegwerebo_ue_primary_health_centre,1%–49% of applicable service points meet all minimum conditions
1ff0ee04-4c08-440f-9ca1-6fcdf42394fb,akwa_ibom,ibeno,okoroutip_health_centre,50%–74% of applicable service points meet all minimum conditions
053f429c-d92d-428a-8ea4-201bcd754d59,akwa_ibom,ibesikpoasutan,nung_udoe_operational_base_primary_health_centre,50%–74% of applicable service points meet all minimum conditions
dfba78ad-2326-48dd-8b94-0c206867878d,lagos,lagos_island,sura_primary_health_centre,50%–74% of applicable service points meet all minimum conditions
e7d31b49-a418-45e8-b1a8-d57339c7e406,lagos,ibeju_lekki,ibeju_primary_health_centre,0% of applicable service points meet all minimum conditions
b8683068-32ee-4f28-a9dc-ab82159ab953,kano,rano,tabobi_health_post,0% of applicable service points meet all minimum conditions
9b70ea02-ae42-4412-8544-1371e98d0da2,anambra,onitsha_south,st_faith_primary_health_centre,0% of applicable service points meet all minimum conditions
3f0b9ead-a5de-4710-aba7-df490d473916,lagos,lagos_island,oke_arin_primary_health_centre,0% of applicable service points meet all minimum conditions
2b9df557-a397-43d9-bd53-ce22ca11db19,lagos,lagos_island,olowogbowo_primary_health_centre,50%–74% of applicable service points meet all minimum conditions
47f81bf8-ab48-4686-acd5-728d93d515e8,lagos,epe,ilara_primary_health_centre,1%–49% of applicable service points meet all minimum conditions
f03cc43b-f352-4ec8-a45a-cafb6eef02cd,kano,makoda,kantudu_health_post,50%–74% of applicable service points meet all minimum conditions
74fffe15-2fcc-405a-a572-28b22d8ae699,imo,ngor_okpala,umuohiagu_health_centre,50%–74% of applicable service points meet all minimum conditions
b57b83ce-2087-4aca-a404-73009ab2d99e,kano,makoda,durmawa_health_post_makoda,50%–74% of applicable service points meet all minimum conditions
0daf0586-7374-479d-91d9-f3352314d0bc,akwa_ibom,itu,oma_oku_iboku_health_centre,0% of applicable service points meet all minimum conditions
11ea2340-20cb-4bdc-aed7-d448fab0b687,anambra,awka_north,orebe_primary_health_centre,0% of applicable service points meet all minimum conditions
3147057e-3949-46ab-b10d-48734bedbb3c,lagos,agege,papa_ashafa_health_post,0% of applicable service points meet all minimum conditions
ca94bb74-918c-4281-9e91-fc20019dba11,anambra,awka_north,awba_ofemili_primary_health_centre,0% of applicable service points meet all minimum conditions
ff3ec7fa-099d-43ce-859d-f5c58fc2a48c,kano,rano,taitai_health_clinic,0% of applicable service points meet all minimum conditions
afd26494-ad60-450c-ac04-0d3712251529,anambra,awka_north,ugbenu_primary_health_centre,0% of applicable service points meet all minimum conditions
f5ee09c3-4472-460e-889e-bc6d7d4a7d8d,imo,mbaitoli,ubommiri_primary_health_centre,1%–49% of applicable service points meet all minimum conditions
cccd167b-3722-4395-b37f-e580eeb9133a,lagos,agege,powerline_primary_health_centre,1%–49% of applicable service points meet all minimum conditions
0c5ad4f5-b1f8-45b7-960a-1a10d186d9b5,imo,orlu,umutanze_health_centre,0% of applicable service points meet all minimum conditions
8831f783-3d7f-4090-9008-814003bcbeb2,anambra,ayamelum,amikwe_omor_primary_health_centre,0% of applicable service points meet all minimum conditions
eb12e565-fc43-43b0-84e8-d3df36519417,anambra,awka_south,okpuno_primary_health_centre,0% of applicable service points meet all minimum conditions
65bcd6bc-a57a-420f-a6ea-a49ffca08360,nasarawa,nasarawa,onda_primary_health_centre,1%–49% of applicable service points meet all minimum conditions
fd109776-8b43-406b-bf2f-82c684c8ceaf,imo,ezinihitte,itu_primary_health_centre,50%–74% of applicable service points meet all minimum conditions
b868f16a-5f39-4170-99e8-01431c1572ee,anambra,awka_north,mgbakwu_primary_health_centre,0% of applicable service points meet all minimum conditions
c66c533d-f09f-4222-af4d-37a1f215c1f5,imo,orlu,owerre_ebeiri_primary_health_centre,0% of applicable service points meet all minimum conditions
14706abf-eec5-491f-85e4-cf8a8bf8d73b,imo,aboh_mbaise,ahiato_primary_health_centre,0% of applicable service points meet all minimum conditions
92ea534c-e4f1-487e-95b4-2ae42ae3deda,imo,njaba,egwedu_health_centre,1%–49% of applicable service points meet all minimum conditions
52d2ac84-6b38-483c-8570-9950794caa70,imo,aboh_mbaise,algon_primary_health_centre,0% of applicable service points meet all minimum conditions
5fb9721a-7e01-4633-a384-7c0286ea3e85,oyo,iseyin,koso_primary_health_centre_iseyin,1%–49% of applicable service points meet all minimum conditions
ead9c8c1-b7dd-4510-8fd0-f75b95e6d464,bauchi,zaki,k_larabawa_primary_health_centre,0% of applicable service points meet all minimum conditions
d99db7dc-5817-4f74-a482-d8fd9c708c6a,bauchi,gamawa,alagarno_maternal_and_child_health,0% of applicable service points meet all minimum conditions
3c239504-b103-4567-80f3-b999fa31b7b1,oyo,iseyin,oke_ola_primary_health_centre_iseyin,50%–74% of applicable service points meet all minimum conditions
dc8a060e-346d-4534-b03b-9a232cf9f06f,anambra,awka_north,achalla_2_primary_health_centre,0% of applicable service points meet all minimum conditions
b7663455-cca0-45a1-a167-dc945cc84039,anambra,awka_north,achalla_1_primary_health_centre,0% of applicable service points meet all minimum conditions
38ff695b-fa90-4bf5-8342-017ea2839a59,anambra,awka_north,achalla_maternal_and_child_health,0% of applicable service points meet all minimum conditions
bd70b4b5-02fc-42bf-947d-39864c350310,oyo,iseyin,isalu_primary_health_centre,1%–49% of applicable service points meet all minimum conditions
71a79939-8f95-4721-8b54-09cb46249486,imo,aboh_mbaise,enyiogugu_primary_health_centre,0% of applicable service points meet all minimum conditions
e6459f5a-72ae-4845-9077-a84eaad9ab95,oyo,iseyin,opopooloro_primary_health_centre,1%–49% of applicable service points meet all minimum conditions
9febffcc-6ff6-4d4f-a4d1-f70d049a8320,bauchi,katagum,madangala_health_clinic,0% of applicable service points meet all minimum conditions
447f3468-db8c-40c2-bc4c-5cbc7d585837,bauchi,misau,saibure_primary_health_centre,0% of applicable service points meet all minimum conditions
71b417c4-ba54-41d2-bbfb-9fef32e4c5e8,bauchi,misau,hardawa_primary_health_centre,0% of applicable service points meet all minimum conditions
73b6b09b-26ff-4a0a-9b91-6548ae315e2b,bauchi,misau,gwaram_primary_health_centre_misau,1%–49% of applicable service points meet all minimum conditions
bbd58336-0d49-4815-bb50-a7723bb35934,anambra,awka_north,isuaniocha_primary_health_centre,0% of applicable service points meet all minimum conditions
0dd0fe66-52f6-4fdc-bbe9-d425eff8bd8b,anambra,awka_north,okukwa_amansea_primary_health_centre,0% of applicable service points meet all minimum conditions
2be7e62e-3f7b-41b5-84f0-60010cdd9b36,anambra,awka_north,ebenebe_1_ofuobi_primary_health_centre,1%–49% of applicable service points meet all minimum conditions
00028514-2273-4425-9974-32c176c729c9,adamawa,michika,wabilimi_maternal_and_child_health,50%–74% of applicable service points meet all minimum conditions
736d27cc-daa9-48ff-b4f2-43d4e83d93fd,kano,tsanyawa,yankamaye_sabon_gari_basic_health_clinic,1%–49% of applicable service points meet all minimum conditions
6933b089-1a91-4763-b9a7-c1d4291505bf,kano,minjibir,kuru_health_post,1%–49% of applicable service points meet all minimum conditions
8041e8de-d476-4f3b-8cd8-6939f8f0bbe1,bauchi,katagum,matsango_azare_primary_health_centre,0% of applicable service points meet all minimum conditions
a94a7935-bd6c-4919-8e15-78894ec7e2bc,anambra,anambra_west,umuonuorah_primary_health_centre,0% of applicable service points meet all minimum conditions
0f65b12b-0004-47ba-a757-b2d7ffb5aabd,oyo,itesiwaju,out_ilesan_comprehensive_health_centre,50%–74% of applicable service points meet all minimum conditions
37133c70-be89-4238-87ff-e2687044cb18,anambra,anambra_west,obodo_o_t_u_primary_health_centre,0% of applicable service points meet all minimum conditions
0fb11850-e4bb-4a5e-b9ea-52cc201dff97,niger,paikoro,paiko_model_primary_health_centre,1%–49% of applicable service points meet all minimum conditions
38f302cf-d962-47e8-94ae-303d72e32208,niger,lapai,muye_primary_health_centre,1%–49% of applicable service points meet all minimum conditions
8c0a288d-35ca-4b75-aae4-16d2e3149972,anambra,orumba_north,ugwu_awgbu_health_centre,0% of applicable service points meet all minimum conditions
57e949c7-c03f-48ca-acfa-bcad812feaa4,jigawa,babura,dorawa_primary_health_centre,50%–74% of applicable service points meet all minimum conditions
9afb0bcf-5241-4fe0-bfb1-d6369321b859,jigawa,birniwa,fagi_primary_health_centre,50%–74% of applicable service points meet all minimum conditions
f4ea29f7-87d0-4367-b16c-3ef787d280c7,anambra,orumba_south,ogboji_primary_health_centre,0% of applicable service points meet all minimum conditions
0d640832-2738-4806-935e-42cd64a17228,adamawa,yola_north,jambutu_clinic,0% of applicable service points meet all minimum conditions
bf530ed7-070a-4d4a-af4a-fbe82b132ab2,jigawa,gwaram,tsangarwa_primary_health_centre,50%–74% of applicable service points meet all minimum conditions
a06eeeef-64a8-423a-80f3-5ff80a985d48,jigawa,gwaram,zandam_tagabas_primary_health_centre,1%–49% of applicable service points meet all minimum conditions
121b5fcd-a204-4e17-bb00-d5f8c9cb94c5,oyo,kajola,elero_primary_health_centre,0% of applicable service points meet all minimum conditions
da00ec86-69e0-47e1-8333-85a5aefc5b88,jigawa,gumel,duhuwa_primary_health_centre,1%–49% of applicable service points meet all minimum conditions
70afdb78-f01c-415d-b45d-0a5a3682b7a0,jigawa,gwaram,gwaram_primary_health_centre,1%–49% of applicable service points meet all minimum conditions
bf4f03ec-6c2b-4bbb-9e3c-9cb84df33bc9,adamawa,madagali,duhu_health_centre,50%–74% of applicable service points meet all minimum conditions
70f129ea-faad-4700-9a6e-1144756a5a3e,kano,gabasawa,yumbu_health_post,0% of applicable service points meet all minimum conditions
5b2023aa-b753-4095-8727-1265f831c7d8,jigawa,gwaram,galambi_primary_health_centre,0% of applicable service points meet all minimum conditions
a6e3e059-ac22-4e77-b768-27047e194180,anambra,orumba_north,okpeze_primary_health_centre,50%–74% of applicable service points meet all minimum conditions
05f1a17f-c090-4819-959a-13ac505c75dc,kano,bichi,yan_lami_health_post,0% of applicable service points meet all minimum conditions
3c00e799-f173-4173-a19c-152554d836aa,anambra,anambra_east,ikem_nando_primary_health_centre,0% of applicable service points meet all minimum conditions
af1a4d7a-08b6-4e04-a63c-e5d87d112a4d,jigawa,gwaram,basirka_primary_health_centre,1%–49% of applicable service points meet all minimum conditions
c6161fb3-2a8e-45a1-8059-56df84b29ee4,akwa_ibom,uyo,aka_offot_health_centre,50%–74% of applicable service points meet all minimum conditions
73d4c963-aaff-47bd-8d28-0961e2dbcf41,anambra,orumba_north,umunebo_ufuma_primary_health_centre,0% of applicable service points meet all minimum conditions
e2dbe72a-ce42-4c70-aa08-3dce9fc237ba,kano,bichi,waire_health_post,1%–49% of applicable service points meet all minimum conditions
29073392-a3ca-4ca0-a735-96e269cd5512,jigawa,gwaram,rabadi_primary_health_centre,50%–74% of applicable service points meet all minimum conditions
961bbb8f-7152-4dac-a1f2-24145ed6f2f9,anambra,anambra_east,abube_agu_primary_health_centre,0% of applicable service points meet all minimum conditions
22140398-0dc6-498f-a0b2-a20bc2c6b34b,anambra,oyi,awkuzu_primary_health_centre,0% of applicable service points meet all minimum conditions
7b4c62a5-df9a-482a-b04f-dfff48163bed,anambra,oyi,igbu_primary_health_centre,0% of applicable service points meet all minimum conditions
faf96f28-173a-4701-98b4-a467ef933963,anambra,oyi,oyelu_primary_health_centre,0% of applicable service points meet all minimum conditions
79e2dd88-635b-4806-867c-bcdd5953c23c,kano,kiru,galadimawa_health_post,0% of applicable service points meet all minimum conditions
20fb1913-9cd7-433f-a754-f7af057db793,anambra,oyi,umunya_primary_health_centre,0% of applicable service points meet all minimum conditions
9f4c9234-7769-4a94-9bd2-7b9a7b86f393,anambra,anambra_east,otuocha_primary_health_centre,0% of applicable service points meet all minimum conditions
1e2bf7c2-cc2b-426b-a4d9-d4dad75165c8,anambra,anambra_east,otuocha_maternal_and_child_health,0% of applicable service points meet all minimum conditions
e625202a-c049-430b-85d7-dfb006d9ab37,oyo,ona_ara,badeku_primary_health_centre,50%–74% of applicable service points meet all minimum conditions
cf768698-9857-4f6d-b322-520164015b85,oyo,iwajowa,iwere_ile_primary_health_centre,1%–49% of applicable service points meet all minimum conditions
03e533bd-b183-44c9-9259-3782d1749c79,anambra,ogbaru,okpoko_6_primary_health_centre,0% of applicable service points meet all minimum conditions
2d69e62e-c57f-4ab4-b376-5ebda214978b,kano,bichi,muntsira_health_post,0% of applicable service points meet all minimum conditions
8aebba0d-0340-41fb-b6fd-b65387048e99,anambra,oyi,umuzu_primary_health_centre,1%–49% of applicable service points meet all minimum conditions
87b15d56-7dfd-401e-8444-79399ddbf22c,jigawa,hadejia,agumau_primary_health_centre,0% of applicable service points meet all minimum conditions
b9ff50f4-67ea-4be6-9327-da84e4bcd782,akwa_ibom,ndung_uko,eyonsek_health_centre,1%–49% of applicable service points meet all minimum conditions
57b3cdc5-5168-4a22-a728-f3c7844e360c,kano,bichi,damargu_basic_health_clinic,50%–74% of applicable service points meet all minimum conditions
83e4af1f-7a05-4d4f-bd2b-ffcd4c6435a6,kano,tofa,yanoko_health_post,1%–49% of applicable service points meet all minimum conditions
bc061236-3eb1-4713-953b-f1e36b41ade1,kano,kura,karfi_health_post,1%–49% of applicable service points meet all minimum conditions
03586134-b2d5-4897-9956-0322b10930f5,akwa_ibom,etinan,ikot_udobia_primary_health_centre,50%–74% of applicable service points meet all minimum conditions
e031c068-541f-4884-8fb0-a5da6670c8ea,jigawa,birnin_kudu,iggi_health_post,1%–49% of applicable service points meet all minimum conditions
898a14dc-33f0-41a8-80eb-f162191bff8b,adamawa,yola_north,ajiya_health_centre,50%–74% of applicable service points meet all minimum conditions
b4d72603-0cc4-41b9-a82b-3038ac2bbda4,jigawa,birnin_kudu,dumus_health_post,0% of applicable service points meet all minimum conditions
